{"count":1,"self":13.0510904,"total":14.444632599999998,"children":{"InitializeActuators":{"count":11,"self":0.0010249999999999999,"total":0.0010249999999999999,"children":null},"InitializeSensors":{"count":11,"self":0.0059539,"total":0.0059539,"children":null},"AgentSendState":{"count":486,"self":0.013013499999999999,"total":0.0389612,"children":{"UpdateModelSpacePoses":{"count":980,"self":0.0079855,"total":0.0079855,"children":null},"CollectObservations":{"count":980,"self":0.0049844999999999993,"total":0.0049844999999999993,"children":null},"WriteActionMask":{"count":980,"self":0.0030134,"total":0.0030134,"children":null},"RequestDecision":{"count":980,"self":0.0099642999999999989,"total":0.0099642999999999989,"children":null}}},"DecideAction":{"count":486,"self":0.46665249999999997,"total":0.57055729999999993,"children":{"RayPerceptionSensor.Perceive":{"count":2940,"self":0.10390479999999999,"total":0.10390479999999999,"children":null}}},"AgentAct":{"count":486,"self":0.7740018,"total":0.7760233,"children":{"InitializeActuators":{"count":12,"self":0,"total":0,"children":null},"InitializeSensors":{"count":12,"self":0.0020215,"total":0.0020215,"children":null}}}},"gauges":{"Agent.CumulativeReward":{"count":13,"max":1.50330257,"min":-0.101405263,"runningAverage":1.13460851,"value":1.50277114,"weightedAverage":0.9441397}},"metadata":{"timer_format_version":"0.1.0","start_time_seconds":"1621110815","unity_version":"2020.2.2f1","command_line_arguments":"C:\\Program Files\\Unity\\Hub\\Editor\\2020.2.2f1\\Editor\\Unity.exe -projectpath H:\/Git\/Unity\/Wings -useHub -hubIPC -cloudEnvironment production -hubSessionId 7e7588b0-b55d-11eb-ab73-d7ca5060553a -accessToken DAUHYnhk_gD3fY3me98yKYbx-J-wgLXf6P--fZiiCNg001f","communication_protocol_version":"1.3.0","com.unity.ml-agents_version":"1.7.2-preview","scene_name":"WingsSceneObstacles","end_time_seconds":"1621110830"}}