{"count":1,"self":156.47168,"total":187.4070012,"children":{"InitializeActuators":{"count":330,"self":0.0039809,"total":0.0039809,"children":null},"InitializeSensors":{"count":330,"self":0.0278968,"total":0.0278968,"children":null},"AgentSendState":{"count":9143,"self":0.2038673,"total":0.61108509999999994,"children":{"UpdateModelSpacePoses":{"count":18290,"self":0.1778668,"total":0.1778668,"children":null},"CollectObservations":{"count":18290,"self":0.10702189999999999,"total":0.10702189999999999,"children":null},"WriteActionMask":{"count":18290,"self":0.019911699999999997,"total":0.019911699999999997,"children":null},"RequestDecision":{"count":18290,"self":0.10241739999999999,"total":0.10241739999999999,"children":null}}},"DecideAction":{"count":9143,"self":26.6184704,"total":29.1817103,"children":{"RayPerceptionSensor.Perceive":{"count":54870,"self":2.56324,"total":2.5632398999999997,"children":null}}},"AgentAct":{"count":9143,"self":1.0957203,"total":1.1096507,"children":{"InitializeActuators":{"count":120,"self":0.0029766999999999997,"total":0.0029766999999999997,"children":null},"InitializeSensors":{"count":120,"self":0.0109537,"total":0.0109537,"children":null}}}},"gauges":{"Agent.CumulativeReward":{"count":440,"max":1.60053468,"min":-0.127303064,"runningAverage":0.6824797,"value":-0.127303064,"weightedAverage":0.3517735}},"metadata":{"timer_format_version":"0.1.0","start_time_seconds":"1623172513","unity_version":"2020.2.2f1","command_line_arguments":"C:\\Program Files\\Unity\\Hub\\Editor\\2020.2.2f1\\Editor\\Unity.exe -projectpath H:\/Git\/Unity\/Wings -useHub -hubIPC -cloudEnvironment production -hubSessionId 8a531e80-c864-11eb-a6a5-21ce4e124d52 -accessToken KdbdE_j6UBNKUniQyJTvFiYp9rOd_PpEMJ-JIkgzejo001f","communication_protocol_version":"1.3.0","com.unity.ml-agents_version":"1.7.2-preview","scene_name":"WingsSceneHardObstacles","end_time_seconds":"1623172700"}}