{"count":1,"self":100.34586879999999,"total":117.72622369999999,"children":{"InitializeActuators":{"count":162,"self":0.009434,"total":0.009434,"children":null},"InitializeSensors":{"count":162,"self":0.0109816,"total":0.0109816,"children":null},"AgentSendState":{"count":5647,"self":0.1557564,"total":0.53737899999999994,"children":{"UpdateModelSpacePoses":{"count":18459,"self":0.18949749999999999,"total":0.18949749999999999,"children":null},"CollectObservations":{"count":18459,"self":0.0978937,"total":0.0978937,"children":null},"WriteActionMask":{"count":18459,"self":0.0249613,"total":0.0249613,"children":null},"RequestDecision":{"count":18459,"self":0.0692701,"total":0.0692701,"children":null}}},"DecideAction":{"count":5647,"self":14.2645904,"total":15.8402017,"children":{"RayPerceptionSensor.Perceive":{"count":55377,"self":1.5756113999999999,"total":1.5756113999999999,"children":null}}},"AgentAct":{"count":5647,"self":0.9723478,"total":0.9813601999999999,"children":{"InitializeActuators":{"count":101,"self":0.0049876,"total":0.0049876,"children":null},"InitializeSensors":{"count":101,"self":0.0040247999999999994,"total":0.0040247999999999994,"children":null}}}},"gauges":{"Agent.CumulativeReward":{"count":243,"max":1.42538691,"min":-0.102012254,"runningAverage":0.5739253,"value":0.199889451,"weightedAverage":0.6287632}},"metadata":{"timer_format_version":"0.1.0","start_time_seconds":"1621431760","unity_version":"2020.2.2f1","command_line_arguments":"C:\\Program Files\\Unity\\Hub\\Editor\\2020.2.2f1\\Editor\\Unity.exe -projectpath H:\/Git\/Unity\/Wings -useHub -hubIPC -cloudEnvironment production -hubSessionId f7284930-b802-11eb-9dfa-c14172aca24f -accessToken _o2Xr7ZHhywOE8LciCU8r30jVhFE796X-7BjQWDXjUg001f","communication_protocol_version":"1.3.0","com.unity.ml-agents_version":"1.7.2-preview","scene_name":"WingsSceneObstacles","end_time_seconds":"1621431877"}}