{"count":1,"self":59.605439999999994,"total":64.593596699999992,"children":{"InitializeActuators":{"count":81,"self":0.0029925999999999998,"total":0.0029925999999999998,"children":null},"InitializeSensors":{"count":81,"self":0.0121248,"total":0.0121248,"children":null},"AgentSendState":{"count":2981,"self":0.059720699999999995,"total":0.17742729999999998,"children":{"UpdateModelSpacePoses":{"count":5970,"self":0.048858599999999995,"total":0.048858599999999995,"children":null},"CollectObservations":{"count":5970,"self":0.031013799999999998,"total":0.031013799999999998,"children":null},"WriteActionMask":{"count":5970,"self":0.0050088,"total":0.0050088,"children":null},"RequestDecision":{"count":5970,"self":0.0328254,"total":0.0328254,"children":null}}},"DecideAction":{"count":2981,"self":4.0066296,"total":4.4520126,"children":{"RayPerceptionSensor.Perceive":{"count":17910,"self":0.4453832,"total":0.4453832,"children":null}}},"AgentAct":{"count":2981,"self":0.33857349999999997,"total":0.3425992,"children":{"InitializeActuators":{"count":32,"self":0,"total":0,"children":null},"InitializeSensors":{"count":32,"self":0.0040257,"total":0.0040257,"children":null}}}},"gauges":{"Agent.CumulativeReward":{"count":103,"max":1.02955055,"min":-0.194446772,"runningAverage":0.7267574,"value":0.3464698,"weightedAverage":0.6654582}},"metadata":{"timer_format_version":"0.1.0","start_time_seconds":"1620873694","unity_version":"2020.2.2f1","command_line_arguments":"C:\\Program Files\\Unity\\Hub\\Editor\\2020.2.2f1\\Editor\\Unity.exe -projectpath H:\/Git\/Unity\/Wings -useHub -hubIPC -cloudEnvironment production -hubSessionId 464e4d10-b359-11eb-92cd-3dd4027a9652 -accessToken HFGs_CPsQ6SpjlIfOeMYPtomVDIWsDSDNp94qDe7Xls001f","communication_protocol_version":"1.3.0","com.unity.ml-agents_version":"1.7.2-preview","scene_name":"WingsSceneObstacles","end_time_seconds":"1620873758"}}